{
  "amex": {
    "elements": [
      "<path  d=\"M79 0 0 174.8h94.6l11.7-27.9h26.8l11.7 27.9h104.1v-21.3l9.3 21.3H312l9.3-21.7v21.7h216.5l26.3-27.2 24.7 27.2 111.2.2-79.3-87.1L700 0H590.5l-25.6 26.6L541 0H305.5l-20.2 45.1L264.6 0h-94.4v20.6L159.7 0zm18.3 24.8h46.1l52.4 118.6V24.8h50.5l40.5 85 37.3-85h50.2v125.4h-30.6l-.2-98.3-44.6 98.3h-27.4l-44.8-98.3v98.3h-62.9l-11.9-28.1H87.5l-11.9 28.1H41.9zm305 0h124.3l38 41.1 39.3-41.1h38l-57.8 63.1 57.8 62.3h-39.7l-38-41.6-39.5 41.6H402.3zM119.7 46.1 98.5 96.2h42.4zM433 50.8v22.9h67.8v25.5H433v25h76.1l35.3-36.8-33.8-36.6z\"/ style=\"fill: var(--amex-fill-color-0, currentColor);\"/>"
    ],
    "fills": [
      "#fff"
    ],
    "strokes": [
      null
    ],
    "viewBoxWidth": 700,
    "viewBoxHeight": 175.1,
    "widthRatio": 3.9977155910908055,
    "heightRatio": 1
  },
  "apple-pay": {
    "elements": [
      "<path d=\"M46.1 5.2 43.4 14l-2.7-8.8h-2.4l3.9 10.9-.2.7c-.4 1.1-.9 1.5-1.9 1.5h-.7v1.8h.9c2.2 0 3.3-.9 4.2-3.5l4-11.4h-2.3Zm-13-.1c-2.4 0-4.2 1.4-4.3 3.3h2.1c.2-.9 1-1.5 2.2-1.5s2.2.7 2.2 1.9v.8l-2.9.2c-2.7.2-4.1 1.3-4.1 3.2s1.5 3.2 3.6 3.2 2.8-.7 3.4-1.9v1.8h2.1V8.7c0-2.2-1.7-3.5-4.3-3.5Zm2.1 6.9c0 1.4-1.2 2.4-2.7 2.4s-2-.6-2-1.5.7-1.5 2.2-1.6l2.5-.2v.8ZM13 11.9c-.2-.1-2.1-1-2.1-3.3 0-1.9 1.5-2.9 1.7-3.1-1-1.4-2.4-1.6-2.9-1.6-.8 0-1.5.2-2.1.5q-.6.3-.9.3c-.3 0-.6-.1-1-.3-.5-.2-1-.4-1.6-.4-1.3 0-2.6.8-3.3 2-1.4 2.5-.4 6.1 1 8.1.7 1 1.5 2.1 2.5 2 .5 0 .8-.2 1.1-.3.4-.2.8-.4 1.5-.4s1 .2 1.4.3c.4.2.7.3 1.2.3 1.1 0 1.8-1 2.5-2 .7-1.1 1-2.1 1.1-2.3Zm9.8-10.8h-5.5V16h2.3v-5.1h3.2c2.9 0 4.9-2 4.9-4.9s-2-4.9-4.8-4.9ZM22.2 9h-2.6V3.1h2.6c2 0 3.1 1.1 3.1 3s-1.1 3-3.1 3ZM7.3 1.2c-.5.6-1 1.6-.9 2.5.9 0 1.8-.5 2.4-1.1.6-.7.9-1.6.8-2.6-.8 0-1.8.5-2.4 1.2Z\" style=\"fill: var(--apple-pay-fill-color-0, currentColor);\"/>"
    ],
    "fills": [
      "#000"
    ],
    "strokes": [
      null
    ],
    "viewBoxWidth": 48.4,
    "viewBoxHeight": 20.1,
    "widthRatio": 2.407960199004975,
    "heightRatio": 1
  },
  "billogram": {
    "elements": [
      "<path d=\"M13.5 0h-12C.7 0 0 .8 0 1.8v14.9c0 .6.7.9 1.1.6L3 15.9l1.6 1.4c.2.2.6.2.8 0l2-1.4 1.8 1.4c.2.2.6.2.8 0l1.8-1.4 2 1.4c.5.3 1.1 0 1.1-.6V1.8c.1-1-.6-1.8-1.4-1.8m-1.8 10.4H3.3c-.6 0-1-.4-1-1s.4-1 1-1h8.4c.5 0 1 .5 1 1s-.5 1-1 1m0-4.8H3.3c-.6 0-1-.5-1-1s.4-1 1-1h8.4c.5 0 1 .5 1 1s-.5 1-1 1\" style=\"fill: var(--billogram-fill-color-0, currentColor);\"/>"
    ],
    "fills": [
      "#000"
    ],
    "strokes": [
      null
    ],
    "viewBoxWidth": 15,
    "viewBoxHeight": 17.4,
    "widthRatio": 1,
    "heightRatio": 1.16
  },
  "card": {
    "elements": [
      "<path d=\"M3.3 0h19.5C24.6 0 26 1.5 26 3.3v.4c0 .4-.3.7-.7.7H.7c-.4 0-.7-.3-.7-.7v-.4C0 1.5 1.5 0 3.3 0\" style=\"fill: var(--card-fill-color-0, currentColor);\"/>",
      "<path d=\"M25.3 7.2H.7c-.4 0-.7.3-.7.7v7.8C0 17.5 1.5 19 3.2 19h19.5c1.8 0 3.2-1.5 3.2-3.3V7.9c0-.4-.3-.7-.7-.7ZM9.8 12.9H5.7c-.8 0-1.4-.6-1.4-1.4s.6-1.4 1.4-1.4h4.1c.8 0 1.4.6 1.4 1.4s-.6 1.4-1.4 1.4\" style=\"fill: var(--card-fill-color-1, currentColor);\"/>"
    ],
    "fills": [
      "#000",
      "#000"
    ],
    "strokes": [
      null,
      null
    ],
    "viewBoxWidth": 26,
    "viewBoxHeight": 19,
    "widthRatio": 1.368421052631579,
    "heightRatio": 1
  },
  "checkmark": {
    "elements": [
      "<path d=\"M.7 2.2 2.4 4l4-4 .7.7-4.7 4.8L0 2.9z\"/ style=\"fill: var(--checkmark-fill-color-0, currentColor);\"/>"
    ],
    "fills": [
      "#000"
    ],
    "strokes": [
      null
    ],
    "viewBoxWidth": 7.1,
    "viewBoxHeight": 5.5,
    "widthRatio": 1.2909090909090908,
    "heightRatio": 1
  },
  "chevron-down": {
    "elements": [
      "<path d=\"M7 11c-.3 0-.5-.1-.7-.3l-6-6c-.4-.4-.4-1 0-1.4s1-.4 1.4 0L7 8.6l5.3-5.3c.4-.4 1-.4 1.4 0s.4 1 0 1.4l-6 6c-.2.2-.4.3-.7.3\" style=\"fill: var(--chevron-down-fill-color-0, currentColor);\"/>"
    ],
    "fills": [
      "#000"
    ],
    "strokes": [
      null
    ],
    "viewBoxWidth": 14,
    "viewBoxHeight": 14,
    "widthRatio": 1,
    "heightRatio": 1
  },
  "chevron-left": {
    "elements": [
      "<path d=\"M10 14c-.3 0-.5-.1-.7-.3l-6-6c-.4-.4-.4-1 0-1.4l6-6c.4-.4 1-.4 1.4 0s.4 1 0 1.4L5.4 7l5.3 5.3c.4.4.4 1 0 1.4-.2.2-.4.3-.7.3\" style=\"fill: var(--chevron-left-fill-color-0, currentColor);\"/>"
    ],
    "fills": [
      "#000"
    ],
    "strokes": [
      null
    ],
    "viewBoxWidth": 14,
    "viewBoxHeight": 14,
    "widthRatio": 1,
    "heightRatio": 1
  },
  "chevron-right": {
    "elements": [
      "<path d=\"M4 14c-.3 0-.5-.1-.7-.3-.4-.4-.4-1 0-1.4L8.6 7 3.3 1.7c-.4-.4-.4-1 0-1.4s1-.4 1.4 0l6 6c.4.4.4 1 0 1.4l-6 6c-.2.2-.4.3-.7.3\" style=\"fill: var(--chevron-right-fill-color-0, currentColor);\"/>"
    ],
    "fills": [
      "#000"
    ],
    "strokes": [
      null
    ],
    "viewBoxWidth": 14,
    "viewBoxHeight": 14,
    "widthRatio": 1,
    "heightRatio": 1
  },
  "chevron-up": {
    "elements": [
      "<path d=\"M13 11c-.3 0-.5-.1-.7-.3L7 5.4l-5.3 5.3c-.4.4-1 .4-1.4 0s-.4-1 0-1.4l6-6c.4-.4 1-.4 1.4 0l6 6c.4.4.4 1 0 1.4-.2.2-.4.3-.7.3\" style=\"fill: var(--chevron-up-fill-color-0, currentColor);\"/>"
    ],
    "fills": [
      "#000"
    ],
    "strokes": [
      null
    ],
    "viewBoxWidth": 14,
    "viewBoxHeight": 14,
    "widthRatio": 1,
    "heightRatio": 1
  },
  "google-pay": {
    "elements": [
      "<path  d=\"M37.8 19.7V29h-3V6h7.8c1.9 0 3.7.7 5.1 2 1.4 1.2 2.1 3 2.1 4.9s-.7 3.6-2.1 4.9-3.1 2-5.1 2zm0-10.9v8h5c1.1 0 2.2-.4 2.9-1.2 1.6-1.5 1.6-4 .1-5.5l-.1-.1c-.8-.8-1.8-1.3-2.9-1.2zm18.9 4c2.2 0 3.9.6 5.2 1.8s1.9 2.8 1.9 4.8V29H61v-2.2h-.1c-1.2 1.8-2.9 2.7-4.9 2.7-1.7 0-3.2-.5-4.4-1.5-1.1-1-1.8-2.4-1.8-3.9q0-2.4 1.8-3.9c1.2-1 2.9-1.4 4.9-1.4 1.8 0 3.2.3 4.3 1v-.7c0-1-.4-2-1.2-2.6-.8-.7-1.8-1.1-2.9-1.1q-2.55 0-3.9 2.1l-2.6-1.6c1.6-2.1 3.7-3.1 6.5-3.1m-3.8 11.4c0 .8.4 1.5 1 1.9.7.5 1.5.8 2.3.8 1.2 0 2.4-.5 3.3-1.4 1-.9 1.5-2 1.5-3.2-.9-.7-2.2-1.1-3.9-1.1q-1.8 0-3 .9-1.2.75-1.2 2.1M80 13.3 70.1 36h-3l3.7-7.9-6.5-14.7h3.2l4.7 11.3h.1l4.6-11.3H80z\"/ style=\"fill: var(--google-pay-fill-color-0, currentColor);\"/>",
      "<path  d=\"M25.9 17.7c0-.9-.1-1.8-.2-2.7H13.2v5.1h7.1c-.3 1.6-1.2 3.1-2.6 4v3.3H22c2.5-2.3 3.9-5.7 3.9-9.7\"/ style=\"fill: var(--google-pay-fill-color-1, currentColor);\"/>",
      "<path  d=\"M13.2 30.6c3.6 0 6.6-1.2 8.8-3.2l-4.3-3.3c-1.2.8-2.7 1.3-4.5 1.3-3.4 0-6.4-2.3-7.4-5.5H1.4v3.4c2.3 4.5 6.8 7.3 11.8 7.3\"/ style=\"fill: var(--google-pay-fill-color-2, currentColor);\"/>",
      "<path  d=\"M5.8 19.9c-.6-1.6-.6-3.4 0-5.1v-3.4H1.4c-1.9 3.7-1.9 8.1 0 11.9z\"/ style=\"fill: var(--google-pay-fill-color-3, currentColor);\"/>",
      "<path  d=\"M13.2 9.4c1.9 0 3.7.7 5.1 2l3.8-3.8c-2.4-2.2-5.6-3.5-8.8-3.4-5 0-9.6 2.8-11.8 7.3l4.4 3.4c.9-3.2 3.9-5.5 7.3-5.5\"/ style=\"fill: var(--google-pay-fill-color-4, currentColor);\"/>"
    ],
    "fills": [
      "#5f6368",
      "#4285f4",
      "#34a853",
      "#fbbc04",
      "#ea4335"
    ],
    "strokes": [
      null,
      null,
      null,
      null,
      null
    ],
    "viewBoxWidth": 80,
    "viewBoxHeight": 38.1,
    "widthRatio": 2.099737532808399,
    "heightRatio": 1
  },
  "klarna": {
    "elements": [
      "<path d=\"M3.1 13.9H0V0h3.1zM10.9 0h-3c0 2.6-1.1 4.9-3.1 6.5l-1.2.9L8.3 14h3.8L7.8 8C9.8 5.9 11 3.1 11 .1Zm4.9 13.9h-2.9V0h2.9zm8.9-9.6v.6c-.8-.6-1.8-.9-2.8-.9C19.2 4 17 6.3 17 9.1s2.2 5.1 4.9 5.1 2-.3 2.8-.9v.6h2.8V4.3zm0 4.8c0 1.4-1.1 2.5-2.5 2.5s-2.5-1.1-2.5-2.5 1.1-2.5 2.5-2.5 2.5 1.1 2.5 2.5m29.7-4.2v-.6h2.8v9.6h-2.8v-.6c-.8.6-1.8.9-2.8.9-2.7 0-4.9-2.3-4.9-5.1S48.9 4 51.6 4s2 .3 2.8.9m-2.6 6.7c1.4 0 2.5-1.1 2.5-2.5s-1.1-2.5-2.5-2.5-2.5 1.1-2.5 2.5 1.1 2.5 2.5 2.5M41.6 4c-1.1 0-2.2.4-2.9 1.3V4.2h-2.8v9.6h2.8V8.7c0-1.5 1-2.2 2.1-2.2s1.9.8 1.9 2.2v5.1h2.8V7.7c0-2.2-1.7-3.8-4-3.8Zm-9.7.3v1.3c.6-.8 1.6-1.3 2.8-1.3v2.8c-1.1 0-2.7.8-2.7 2.3v4.5h-2.9V4.3H32Zm26.5 8c0-1 .8-1.8 1.8-1.8s1.8.8 1.8 1.8-.8 1.8-1.8 1.8-1.8-.8-1.8-1.8\" style=\"fill: var(--klarna-fill-color-0, currentColor);\"/>"
    ],
    "fills": [
      "#000"
    ],